ID	Type	SKU	Name	Published	Is featured?	Visibility in catalog	Short description	Description	Date sale price starts	Date sale price ends	Tax status	Tax class	In stock?	Stock	Backorders allowed?	Sold individually?	Weight (kg)	Length (cm)	Width (cm)	Height (cm)	Allow customer reviews?	Purchase note	Sale price	Regular price	Categories	Tags	Shipping class	Images	Download limit	Download expiry days	Parent	Grouped products	Upsells	Cross-sells	External URL	Button text	Position
4543	simple	KARRUPSUD01062018	RUPE BARNE CHANDE	1	0	visible	<blockquote>&nbsp;</blockquote>				taxable		1		0	0					1			350	Poetry			http://pilsuj.com/wp-content/uploads/2018/05/11.jpg									0
4544	simple	KARMORPRA01062018	MORE BHABONARE	1	0	visible					taxable		1		0	0					1			180	Anthology			http://pilsuj.com/wp-content/uploads/2018/05/12.jpg									0
4550	simple	KARKOLSUN01062018	KOLKATAR KATO ROOP	1	0	visible					taxable		1		0	0					1			220	Travelogue			http://pilsuj.com/wp-content/uploads/2018/05/13.jpg									0
4552	simple	KARRABKAM01062018	RABINDRANATHER SADHONA BAKTRRITAMALA EKTI DARSHONIK BIKKHA	1	0	visible					taxable		1		0	0					1			250	"Non Fiction, Philosophical"			http://pilsuj.com/wp-content/uploads/2018/05/14.jpg									0
4554	simple	KARRABTUH01062018	RABINDRANATH CHAILEO VIVEKANANDA MESHENNI	1	0	visible					taxable		1		0	0					1			280	Biographies &amp; True Accounts			http://pilsuj.com/wp-content/uploads/2018/05/15.jpg									0
4556	simple	KARBANHIT01062018	BANGLAR MONDIR	1	0	visible					taxable		1		0	0					1			380	"Empiric, Non Fiction"			http://pilsuj.com/wp-content/uploads/2018/05/16.jpg									0
4570	simple	KARBIYNIR01062018	BIYALLISHER BANGLA	1	0	visible					taxable		1		0	0					1			400	"History, Non Fiction"			http://pilsuj.com/wp-content/uploads/2018/05/22.jpg									0
4573	simple	KARBHUUDA01062018	BHUTCHATURDASHI	1	0	visible					taxable		1		0	0					1			140	Horror			http://pilsuj.com/wp-content/uploads/2018/05/24.jpg									0
4576	simple	KARIHOANI01062018	IHOJAGOTIKOTA O ANANYO	1	0	visible					taxable		1		0	0					1			450	Short Stories			http://pilsuj.com/wp-content/uploads/2018/05/23.jpg									0
4578	simple	KARAMISUN01062018	AMI JOKHON TUMI	1	0	visible					taxable		1		0	0					1			200	Romance			http://pilsuj.com/wp-content/uploads/2018/05/01.jpg									0
4580	simple	KARPAISUS01062018	PAINTINGS OF RABINDRANATH	1	0	visible					taxable		1		0	0					1			300	Art			http://pilsuj.com/wp-content/uploads/2018/05/02.jpg									0
4582	simple	KARGOLPRA01062018	GOLPOI GOLPO	1	0	visible					taxable		1		0	0					1			120	Short Stories			http://pilsuj.com/wp-content/uploads/2018/05/03.jpg									0
4590	simple	KARALASUD01062018	ALAL DOST SEBA KOMOLINI LALON AYNA MOHOLER KOTHA	1	0	visible					taxable		1		0	0					1			200	"Art, Spirituality &amp; New Age"			http://pilsuj.com/wp-content/uploads/2018/05/08.jpg									0
4597	simple	KARBISSUM01062018	BISWOJUDDHER BRAZIL	1	0	visible					taxable		1		0	0					1			450	"Non Fiction, Travelogue"			http://pilsuj.com/wp-content/uploads/2018/05/53.jpg									0
4599	simple	KARBONBIJ01062018	BONGKIM PORIBARER MOHILADER KOTHA O CHITHI	1	0	visible					taxable		1		0	0					1			360	"History, Non Fiction"			http://pilsuj.com/wp-content/uploads/2018/05/54.jpg									0
4613	simple	KARMAHGOU01062018	MAHABISWE MAHAKASHEY	1	0	visible					taxable		1		0	0					1			350	Science			http://pilsuj.com/wp-content/uploads/2018/05/59.jpg									0
4615	simple	KARHRINAR01062018	HRIDAY CHARCHA	1	0	visible					taxable		1		0	0					1			350	Anthology			http://pilsuj.com/wp-content/uploads/2018/05/60.jpg									0
4617	simple	KARPANASI01062018	PANORAMA OF LIFE OF LORD BUDDHA	1	0	visible					taxable		1		0	0					1			350	"Biographies &amp; True Accounts, History, Non Fiction, Religion"			http://pilsuj.com/wp-content/uploads/2018/05/61.jpg									0
4624	simple	KARSWAJOG01062018	SWAMI VIVEKANANDA	1	0	visible					taxable		1		0	0					1			50	Art			http://pilsuj.com/wp-content/uploads/2018/05/63.jpg									0
4626	simple	KARTHEAMR01062018	THE BENGALI CHEMIST	1	0	visible					taxable		1		0	0					1			500	"Biographies &amp; True Accounts, Non Fiction"			http://pilsuj.com/wp-content/uploads/2018/05/109.jpg									0
4628	simple	KARPROSUM01062018	PROTHOM NAGORIK	1	0	visible					taxable		1		0	0					1			600	"Biographies &amp; True Accounts, Non Fiction"			http://pilsuj.com/wp-content/uploads/2018/05/110.jpg									0
4635	simple	KARHARHAR01062018	HARICHARAN BANDAPADHYAY JIBON O AGRANTHITO RACHANA SAMAGRA	1	0	visible					taxable		1		0	0					1			1200	Anthology			http://pilsuj.com/wp-content/uploads/2018/05/121.jpg									0
4637	simple	KARSHARSH01062018	SHANTINIKETONER SHILPOCHORCHA	1	0	visible					taxable		1		0	0					1			200	"Art, Non Fiction"			http://pilsuj.com/wp-content/uploads/2018/05/120.jpg									0
4639	simple	KARITISHA01062018	ITIHAS PURAN O AKHYAN	1	0	visible					taxable		1		0	0					1			460	"History, Mythology"			http://pilsuj.com/wp-content/uploads/2018/05/117.jpg									0
4641	simple	KARKHRCHA01062018	KHRISTIO UNOBINGSHO SHOTABDITE BONGO SAHITYE HASYOROS	1	0	visible					taxable		1		0	0					1			260	Amusing			http://pilsuj.com/wp-content/uploads/2018/05/116.jpg									0
4644	simple	KARPASPRA01062018	PASCHIME DHRUPADI SANGEET NIRMAN	1	0	visible					taxable		1		0	0					1			450	"Art, Non Fiction"			http://pilsuj.com/wp-content/uploads/2018/05/119.jpg									0
4646	simple	KARSUCSUC01062018	SUCHITRA	1	0	visible					taxable		1		0	0					1			450	Autobiography			http://pilsuj.com/wp-content/uploads/2018/05/113.jpg									0
4648	simple	KARCHISUC01062018	CHINNO PATAR BHINNO SUCHITRA	1	0	visible					taxable		1		0	0					1			400	"Autobiography, Non Fiction"			http://pilsuj.com/wp-content/uploads/2018/05/112.jpg									0
4650	simple	KARAMASUC01062018	AMAR NA BOLA KOTHA	1	0	visible					taxable		1		0	0					1			500	"Autobiography, Non Fiction"			http://pilsuj.com/wp-content/uploads/2018/05/111.jpg									0
4652	simple	KARSHRJOH01062018	SHREE SHREE RAMKRISHNA GODHULI ALO	1	0	visible					taxable		1		0	0					1			220	Spirituality &amp; New Age			http://pilsuj.com/wp-content/uploads/2018/05/Srisri-Ramkrishner-Godhuli-Alo.jpg									0
4654	simple	KARGUNNAL01062018	GUNIN BRITYANTO O BHUT PURAN	1	0	visible					taxable		1		0	0					1			240	"Horror, Mystery / Thriller"			http://pilsuj.com/wp-content/uploads/2018/05/Gunin-Bittyanta.jpg									0
4656	simple	KARKAAEPS01062018	KA AA KOBITAGUCCHO	1	0	visible					taxable		1		0	0					1			150	Poetry			http://pilsuj.com/wp-content/uploads/2018/05/KaAa-Kabitaguchha.jpg									0
4658	simple	KARGOPTRI01062018	GOPON TATTO	1	0	visible					taxable		1		0	0					1			60	Mystery / Thriller			http://pilsuj.com/wp-content/uploads/2018/05/Gopon-Tattoo.jpg									0
4660	simple	KARBISSEK01062018	BISWADESHE BANGALI	1	0	visible					taxable		1		0	0					1			180	"Non Fiction, Travelogue"			http://pilsuj.com/wp-content/uploads/2018/05/Biswadeshe-Bangali.jpg									0
4662	simple	KARPOYSHI01062018	POYMONTO O ONYANYO	1	0	visible					taxable		1		0	0					1			200	"Anthology, Short Stories"			http://pilsuj.com/wp-content/uploads/2018/05/Poimonto.jpg									0
4664	simple	KARDOOMON01062018	DOOERS E GOYENDA SOTUKA	1	0	visible					taxable		1		0	0					1			150	"Detective, Mystery / Thriller"			http://pilsuj.com/wp-content/uploads/2018/05/doorse-goenda-satuka.jpg									0
4666	simple	KARBHUSAC01062018	BHUT PANCHA BINGSHATI	1	0	visible					taxable		1		0	0					1			250	Horror			http://pilsuj.com/wp-content/uploads/2018/05/Bhut-Panchabingsoti.jpg									0
4668	simple	KARBYAPAB01062018	BYANG TARANO	1	0	visible					taxable		1		0	0					1			50	"Amusing, Fiction"			http://pilsuj.com/wp-content/uploads/2018/05/2.-Bang-Tarano-1.jpg									0
4670	simple	KARCHOPAB01062018	CHORDADUR ASTO KANTHAL KHAWA	1	0	visible					taxable		1		0	0					1			50	"Amusing, Fiction"			http://pilsuj.com/wp-content/uploads/2018/05/3.-Chhordadur-Asto-Kanthhal-1.jpg									0
4672	simple	KARTHAPRA01062018	THAKURBARI O JOYPURI KOTHA	1	0	visible					taxable		1		0	0					1			180	History			http://pilsuj.com/wp-content/uploads/2018/05/18.-Thkurbari-Joypuri-Kotha-1.jpg									0
4674	simple	KARAADDIB01062018	AADIBASI RUPKOTHA	1	0	visible					taxable		1		0	0					1			350	Science Fiction &amp; Fantasy			http://pilsuj.com/wp-content/uploads/2018/05/4.-Adibasi-Rupkotha-1.jpg									0
4676	simple	KARPRAPRA01062018	PRAPTI O ONYANYO GOLPO	1	0	visible					taxable		1		0	0					1			225	"Anthology, Flash Deal, Short Stories"			http://pilsuj.com/wp-content/uploads/2018/05/12.-Prapti-O-Ananya-New.jpg									0
4678	simple	KARRABSUT01062018	RABINDRANATHER PREMER KOBITA O PREMER GAAN	1	0	visible					taxable		1		0	0					1			125	"Poetry, Romance"			http://pilsuj.com/wp-content/uploads/2018/05/5.-Rabindranather-Premer-Gaan-1.jpg									0
4680	simple	KARBOMBRA01062018	BOMA A FICTION	1	0	visible					taxable		1		0	0					1			170	Drama			http://pilsuj.com/wp-content/uploads/2018/05/84.jpg									0
4682	simple	KARFIRPRA01062018	FIRE DEKHA KOBITA SINGHA	1	0	visible					taxable		1		0	0					1			300	Poetry			http://pilsuj.com/wp-content/uploads/2018/05/92.jpg									0
4684	simple	KARMUSMIL01062018	MUSLIM JAHAN	1	0	visible					taxable		1		0	0					1			350	Religion			http://pilsuj.com/wp-content/uploads/2018/05/93.jpg									0
4686	simple	KARNOTBRA01062018	NOTE GACH O ONYANYO LEKHA	1	0	visible					taxable		1		0	0					1			300	Short Stories			http://pilsuj.com/wp-content/uploads/2018/05/101.jpg									0
4688	simple	KARBUDHIR01062018	BUDDHADEBER NASTIKOTA	1	0	visible					taxable		1		0	0					1			260	Religion			http://pilsuj.com/wp-content/uploads/2018/05/99.jpg									0
4690	simple	KARNRISHR01062018	NRITYA ANTARE BAHIRE	1	0	visible					taxable		1		0	0					1			300	Art			http://pilsuj.com/wp-content/uploads/2018/05/80.jpg									0
4698	simple	DEYADHBANABU01062018	ADHUNIK BANGLA KOBITA	1	0	visible					taxable		1		0	0					1			125	Poetry			http://pilsuj.com/wp-content/uploads/2018/05/ADHUNIK-BANGLA-KAVITA.jpg									0
4700	simple	DEYADHABU01062018	ADHUNIKOTA O RABINDRANATH	1	0	visible					taxable		1		0	0					1			200	"Non Fiction, Philosophical"			http://pilsuj.com/wp-content/uploads/2018/05/ADHUNIKATA-O-RABINDRANATH.jpg									0
4702	simple	DEYBANAFR01062018	BANGLA KOTHA SAHITYE MUSLIM ANTAPUR	1	0	visible					taxable		1		0	0					1			150	"Non Fiction, Religion, Socio Cultural"			http://pilsuj.com/wp-content/uploads/2018/05/BANGLA-KATHASAHITYE-MUSLIM-ANTAPUR.jpg									0
4706	simple	DEYEIDVOL2AJI01062018	EI DESH EI GONOTONTRO(PART 2)	1	0	visible					taxable		1		0	0					1			70	"Non Fiction, Political"			http://pilsuj.com/wp-content/uploads/2018/05/EI-DESH-EI-GANATANTRTAPART-2.jpg									0
4710	simple	DEYEIDVOL1AJI01062018	EI DESH EI GONOTONTRO (PART1)	1	0	visible					taxable		1		0	0					1			100	"Non Fiction, Political"			http://pilsuj.com/wp-content/uploads/2018/05/EI-DESH-EI-GANATANTRTAPART-1.jpg									0
4712	simple	DEY10TASH01062018	10 TI UPONYAS	1	0	visible					taxable		1		0	0					1			550	Anthology			http://pilsuj.com/wp-content/uploads/2018/05/10-TI-UPANYAS-ASHUTOSH-MUKKHOPADHYAER-Copy.jpg									0
4714	simple	DEYAMAAMI01062018	AMAR BONDHU SUCHITRA SEN	1	0	visible					taxable		1		0	0					1			20	"Biographies &amp; True Accounts, Non Fiction"			http://pilsuj.com/wp-content/uploads/2018/05/AMAR-BANDHU-SUCHITTRA-SEN.jpg									0
4716	simple	DEYEKAVOL1AMI01062018	EKATRE RABINDRANATH (PART1)	1	0	visible					taxable		1		0	0					1			300	Anthology			http://pilsuj.com/wp-content/uploads/2018/05/EKATRE-RABINDRANATH-PART-I.jpg									0
4718	simple	DEYEKAVOL2AMI01062018	EKATRE RABINDRANATH (PART2)	1	0	visible					taxable		1		0	0					1			300	Anthology			http://pilsuj.com/wp-content/uploads/2018/05/EKATRE-RABINDRANATH-PART-II.jpg									0
4720	simple	DEYBADAMR01062018	BADU CHANDIDASER SHREE KIRTON SOMOGRO	1	0	visible					taxable		1		0	0					1			350	"Mythology, Religion"			http://pilsuj.com/wp-content/uploads/2018/05/BADU-CHANDIDASER-SRIKRISHNAKIRTAN-SAMAGRA.jpg									0
4722	simple	DEYBANAMR01062018	BANKIM SRISTI SAMIKKHYA	1	0	visible					taxable		1		0	0					1			25	"Empiric, Non Fiction"			http://pilsuj.com/wp-content/uploads/2018/05/BANKIM-SHRISTI-SAMIKSHA.jpg									0
4724	simple	DEYGADAMA01062018	GADYA SANGRAHA	1	0	visible					taxable		1		0	0					1			550	Anthology			http://pilsuj.com/wp-content/uploads/2018/05/GADYA-SANGRAHA.jpg									0
4726	simple	DEYGOLAMA01062018	GOLPO SAMOGRO	1	0	visible					taxable		1		0	0					1			400	"Anthology, Fiction"			http://pilsuj.com/wp-content/uploads/2018/05/GALPA-SAMAGRHA-AC.jpg									0
4728	simple	DEYGOSAMA01062018	GOSTHO BIHARIR JIBON JAPON	1	0	visible					taxable		1		0	0					1			50	Fiction			http://pilsuj.com/wp-content/uploads/2018/05/GOSTHABIHARIR-JIVANYAPAN.jpg									0
4730	simple	DEYAASARU01062018	AASIR DUARE ARUN KUMAR MUKHOPADHYAY	1	0	visible					taxable		1		0	0					1			100	Anthology			http://pilsuj.com/wp-content/uploads/2018/05/AASHIR-DUYARE.jpg									0
4732	simple	DEYBANGADARU01062018	BANGLA GADYA RITIR ITIHAS	1	0	visible					taxable		1		0	0					1			250	"Empiric, History, Non Fiction"			http://pilsuj.com/wp-content/uploads/2018/05/BANGLA-GADYARITIR-ITIHAS.jpg									0
4734	simple	DEYBANKOTARU01062018	BANGLA KOTHA SAHITYE JIGYASA	1	0	visible					taxable		1		0	0					1			500	"Non Fiction, Philosophical"			http://pilsuj.com/wp-content/uploads/2018/05/BANGLA-KATHA-SAHITYA-JIJNASA.jpg									0
4736	simple	DEYBANUPOARU01062018	BANGLA UPONYASER ROOP O RITIR PALABADAL	1	0	visible					taxable		1		0	0					1			300	"Literature, Non Fiction, Philosophical"			http://pilsuj.com/wp-content/uploads/2018/05/BANGLA-UPANYASER-RUP-O-RITER-PALABADAL.jpg									0
4738	simple	DEYBIRARU01062018	BIRBOL O BANGLA SAHITYA	1	0	visible					taxable		1		0	0					1			160	"Literature, Non Fiction"			http://pilsuj.com/wp-content/uploads/2018/05/BIRBAL-O-BANGLA-SAHITYA.jpg									0
4740	simple	DEYCHEBAIARU01062018	CHENAR BAIRE OCHENA RABINDRANATH	1	0	visible					taxable		1		0	0					1			60	"Biographies &amp; True Accounts, Non Fiction"			http://pilsuj.com/wp-content/uploads/2018/05/CHENAR-BAIRE-ACHENA-RABINDRANATH.jpg									0
4744	simple	DEYADHALO01062018	ADHUNIK KABITAR ITIHAS	1	0	visible					taxable		1		0	0					1			400	Literature			http://pilsuj.com/wp-content/uploads/2018/05/ADHUNIK-KAVITER-ITIHAS.jpg									0
4746	simple	DEYJIBALO01062018	JIBONANANDA	1	0	visible					taxable		1		0	0					1			100	"Biographies &amp; True Accounts, Non Fiction"			http://pilsuj.com/wp-content/uploads/2018/05/JIBANANANDA.jpg									0
4748	simple	DEYKABVOL2ALO01062018	KABITA SANGRAHA(PART 2)	1	0	visible					taxable		1		0	0					1			150	"Anthology, Poetry"			http://pilsuj.com/wp-content/uploads/2018/05/KABITA-SANGRHA-2.jpg									0
4750	simple	DEYCHOAMA01062018	CHOTODER DHADHA	1	0	visible					taxable		1		0	0					1			150	Children			http://pilsuj.com/wp-content/uploads/2018/05/CHOTODER-DHADHA.jpg									0
4752	simple	DEYBHUAMA01062018	BHUBANDANGA	1	0	visible					taxable		1		0	0					1			100	Fiction			http://pilsuj.com/wp-content/uploads/2018/05/BHUBANDANGA.jpg									0
4754	simple	DEYKANAMA01062018	KANYADIHI	1	0	visible					taxable		1		0	0					1			140	Fiction			http://pilsuj.com/wp-content/uploads/2018/05/KANYADIHI.jpg									0
4756	simple	DEYBARAMA01062018	BARANIYO MANUSHER SMORONIYO GAPPO	1	0	visible					taxable		1		0	0					1			70	"Biographies &amp; True Accounts, Non Fiction"			http://pilsuj.com/wp-content/uploads/2018/05/BARANIYA-MANUSHER-SMARANIYA-GAPPO.jpg									0
4758	simple	DEYBHAAMA01062018	BHARAT QUIZ	1	0	visible					taxable		1		0	0					1			40	"Non Fiction, Quiz"			http://pilsuj.com/wp-content/uploads/2018/05/BHARAT-QUIZ.jpg									0
4760	simple	DEYBICAMA01062018	BICHITRA BIGYAN	1	0	visible					taxable		1		0	0					1			20	"Non Fiction, Science"			http://pilsuj.com/wp-content/uploads/2018/05/BICHITRA-BIGYAN.jpg									0
4762	simple	DEYBISAMA01062018	BISWER KRITI BIGYANI	1	0	visible					taxable		1		0	0					1			80	"Non Fiction, Science"			http://pilsuj.com/wp-content/uploads/2018/05/BISWER-KRIT-BIGYANI.jpg									0
4764	simple	DEYCHEAMA01062018	CHENA OCHENA POSHU PAKHI	1	0	visible					taxable		1		0	0					1			40	"Non Fiction, Science"			http://pilsuj.com/wp-content/uploads/2018/05/CHENA-ACHENA-PASHU-PAKHI.jpg									0
4766	simple	DEYHOTAMA01062018	HOTAT ABISKARE BIGYAN	1	0	visible					taxable		1		0	0					1			60	"Non Fiction, Science"			http://pilsuj.com/wp-content/uploads/2018/05/HATHAT-ABISKARE-BIGYAN.jpg									0
4768	simple	DEYGYABIGAMA01062018	GYAN BIGYANER HAREKRAKAM	1	0	visible					taxable		1		0	0					1			40	"Non Fiction, Science"			http://pilsuj.com/wp-content/uploads/2018/05/GYAN-BIGYANER-HAREK-RAKAM.jpg									0
4770	simple	DEYGYAAMA01062018	GYAN BIGYANER MONI MUKTO	1	0	visible					taxable		1		0	0					1			50	"Non Fiction, Science"			http://pilsuj.com/wp-content/uploads/2018/05/GYAN-BIGYANER-MANI-MUKTO.jpg									0
4773	simple	DEYKABAMU01062018	KABIGURU	1	0	visible					taxable		1		0	0					1			100	"Non Fiction, Poetry"			http://pilsuj.com/wp-content/uploads/2018/05/KAVIGURU.jpg									0
4775	simple	DEYJACASH01062018	JACHAI	1	0	visible					taxable		1		0	0					1			80	Fiction			http://pilsuj.com/wp-content/uploads/2018/05/JACHAI.jpg									0
4777	simple	DEYEKJSUN01062018	EK JHANK GOYENDA	1	0	visible					taxable		1		0	0					1			160	"Anthology, Crime, Detective, Fiction, Mystery / Thriller"			http://pilsuj.com/wp-content/uploads/2018/05/EK-JHANK-GOYENDA-.jpg									0
4779	simple	DEYANKARU01062018	ANKO NIYE BUDDHI BICHAR	1	0	visible					taxable		1		0	0					1			40	"Math, Non Fiction"			http://pilsuj.com/wp-content/uploads/2018/05/ANKA-NIYE-BUDDHI-BICHAR.jpg									0
4781	simple	DEYANUARU01062018	ANU PARAMANUR DESHE	1	0	visible					taxable		1		0	0					1			25	"Non Fiction, Science"			http://pilsuj.com/wp-content/uploads/2018/05/ANU-PARAMANUR-DESHE.jpg									0
4783	simple	DEYBANARU01062018	BANGALIR BIGYAN BHABNA O SADHONA	1	0	visible					taxable		1		0	0					1			275	"Non Fiction, Science"			http://pilsuj.com/wp-content/uploads/2018/05/BANGALIR-BIGYAN-VABNA-O-SADHNA.jpg									0
4785	simple	DEYBIGEKHARU01062018	BIGYAN EKHONO ROHOSYO	1	0	visible					taxable		1		0	0					1			35	"Non Fiction, Science"			http://pilsuj.com/wp-content/uploads/2018/05/BIGYAN-EKHONO-RAHASYA.jpg									0
4787	simple	DEYBIGJIGARU01062018	BIGYAN JIGYASUR DIARY	1	0	visible					taxable		1		0	0					1			60	"Flash Deal, Science"			http://pilsuj.com/wp-content/uploads/2018/05/BIGYAN-JIGGYASUR-DAYERI.jpg									0
4789	simple	DEYBIGRAKARU01062018	BIGYANER RAKAMFER	1	0	visible					taxable		1		0	0					1			25	"Non Fiction, Science"			http://pilsuj.com/wp-content/uploads/2018/05/BIGYANER-RAKAMFER.jpg									0
4791	simple	DEYBIGDAPARU01062018	BIGYANIR DAPTAR	1	0	visible					taxable		1		0	0					1			35	Science			http://pilsuj.com/wp-content/uploads/2018/05/BIJNANIR-DAPTAR.jpg									0
4793	simple	DEYBIGARU01062018	BIGYANIR NOTEBOOK	1	0	visible					taxable		1		0	0					1			60	Science			http://pilsuj.com/wp-content/uploads/2018/05/BIGYANIR-NOTEBOOK.jpg									0
4795	simple	DEYCHEARU01062018	CHETONAR SONDHANE BIGYAN	1	0	visible					taxable		1		0	0					1			35	"Non Fiction, Science"			http://pilsuj.com/wp-content/uploads/2018/05/CHETANER-SANDHANE-BIGYAN.jpg									0
4814	simple	MITSTAHAS01062018	STAFFROOM	1	0	visible					taxable		1		0	0					1			140	Fiction			http://pilsuj.com/wp-content/uploads/2018/05/1.jpg									0
4816	simple	MITSATSAT01062018	SATINATH BHADURI SHATABARSHIKI SANKALAN	1	0	visible					taxable		1		0	0					1			250	Anthology			http://pilsuj.com/wp-content/uploads/2018/05/002-2-1.jpg									0
4818	simple	MITNAYRAB01062018	NAYIKA RAHASYA	1	0	visible					taxable		1		0	0					1			150	"Fiction, Mystery / Thriller"			http://pilsuj.com/wp-content/uploads/2018/05/2.jpg									0
4820	simple	MITNIRNIR01062018	NIRAD CHANDRA CHAUDHARY SHATABARSHIKI SANKALAN	1	0	visible					taxable		1		0	0					1			500	"Anthology, Fiction"			http://pilsuj.com/wp-content/uploads/2018/05/003-2-1.jpg									0
4822	simple	MITBANPRO01062018	BANKIM SARANI	1	0	visible					taxable		1		0	0					1			150	"Literature, Non Fiction"			http://pilsuj.com/wp-content/uploads/2018/05/3.jpg									0
4824	simple	MITSHAGAJ01062018	SHATABARSHIKI SANKALAN	1	0	visible					taxable		1		0	0					1			500	Anthology			http://pilsuj.com/wp-content/uploads/2018/05/004-2-1.jpg									0
4826	simple	MITBIDGAJ01062018	BIDESHI GALPA SANCHAYAN	1	0	visible					taxable		1		0	0					1			100	"Anthology, Fiction"			http://pilsuj.com/wp-content/uploads/2018/05/004-1.jpg									0
4828	simple	MITRASSHY01062018	RASTRASANGRAM O PONCHASHER MONNONTOR	1	0	visible					taxable		1		0	0					1			100	"History, Non Fiction, Political"			http://pilsuj.com/wp-content/uploads/2018/05/4.jpg									0
4830	simple	MITCHEGAJ01062018	CHELEDER AROBYO UPONYAS	1	0	visible					taxable		1		0	0					1			80	"Children, Fiction, Science Fiction &amp; Fantasy"			http://pilsuj.com/wp-content/uploads/2018/05/005-1.jpg									0
4832	simple	MITPRAVOL1ANN01062018	PRABANDHA SAMAGRA VOL1	1	0	visible					taxable		1		0	0					1			200	Anthology			http://pilsuj.com/wp-content/uploads/2018/05/5.jpg									0
4834	simple	MITPRAVOL3ANN01062018	PRABANDHA SAMAGRA VOL3	1	0	visible					taxable		1		0	0					1			450	Anthology			http://pilsuj.com/wp-content/uploads/2018/05/5.jpg									0
4835	simple	MITPRAVOL4ANN01062018	PRABANDHA SAMAGRA VOL4	1	0	visible					taxable		1		0	0					1			450	Anthology			http://pilsuj.com/wp-content/uploads/2018/05/5.jpg									0
4837	simple	MITPRAVOL5ANN01062018	PRABANDHA SAMAGRA VOL5	1	0	visible					taxable		1		0	0					1			150	Anthology			http://pilsuj.com/wp-content/uploads/2018/05/5.jpg									0
4838	simple	MITPRAVOL6ANN01062018	PRABANDHA SAMAGRA VOL6	1	0	visible					taxable		1		0	0					1			200	Anthology			http://pilsuj.com/wp-content/uploads/2018/05/5.jpg									0
4839	simple	MITPRAVOL7ANN01062018	PRABANDHA SAMAGRA VOL7	1	0	visible					taxable		1		0	0					1			330	Anthology			http://pilsuj.com/wp-content/uploads/2018/05/5.jpg									0
4840	simple	MITPRAVOL8ANN01062018	PRABANDHA SAMAGRA VOL8	1	0	visible					taxable		1		0	0					1			550	Anthology			http://pilsuj.com/wp-content/uploads/2018/05/5.jpg									0
4841	simple	MITPRAVOL9ANN01062018	PRABANDHA SAMAGRA VOL9	1	0	visible					taxable		1		0	0					1			200	Anthology			http://pilsuj.com/wp-content/uploads/2018/05/5.jpg									0
4842	simple	MITPRAVOL10ANN01062018	PRABANDHA SANKALAN VOL 10	1	0	visible					taxable		1		0	0					1			325	Anthology			http://pilsuj.com/wp-content/uploads/2018/05/5.jpg									0
4843	simple	MITPRAVOL11ANN01062018	PRABANDHA SANKALAN VOL 11	1	0	visible					taxable		1		0	0					1			400	Anthology			http://pilsuj.com/wp-content/uploads/2018/05/5.jpg									0
4844	simple	MITPRAVOL12ANN01062018	PRABANDHA SANKALAN VOL12	1	0	visible					taxable		1		0	0					1			350	Anthology			http://pilsuj.com/wp-content/uploads/2018/05/5.jpg									0
4845	simple	MITUPOVOL1BIB01062018	UPONYAS SAMOGRO VOL 1	1	0	visible					taxable		1		0	0					1			600	Anthology			http://pilsuj.com/wp-content/uploads/2018/05/006-2-2.jpg									0
4847	simple	MITUPOVOL2BIB01062018	UPONYAS SAMAGRA VOL.2	1	0	visible					taxable		1		0	0					1			600	Anthology			http://pilsuj.com/wp-content/uploads/2018/05/006-2-2.jpg									0
4849	simple	MITMAHGAJ01062018	MAHABHARATER NITIGOLPO	1	0	visible					taxable		1		0	0					1			80	"Fiction, Mythology, Short Stories"			http://pilsuj.com/wp-content/uploads/2018/05/006-1.jpg									0
4851	simple	MITBETAMI01062018	BETAR JAGAT: SERA GALPO SANKALAN	1	0	visible					taxable		1		0	0					1			350	Anthology			http://pilsuj.com/wp-content/uploads/2018/05/6.jpg									0
4853	simple	MITHIMJAL01062018	HIMALAY	1	0	visible					taxable		1		0	0					1			170	"Nature, Non Fiction, Travelogue"			http://pilsuj.com/wp-content/uploads/2018/05/7.jpg									0
4855	simple	MITBANDAK01062018	BANGOPONYAS THAKURDAR JHULI	1	0	visible					taxable		1		0	0					1			140	"Children, Fiction, Science Fiction &amp; Fantasy"			http://pilsuj.com/wp-content/uploads/2018/05/008-2-2.jpg									0
4859	simple	MITUTTOSAM010062018	UTTORADHIKAR	1	0	visible					taxable		1		0	0					1			400	Fiction			http://pilsuj.com/wp-content/uploads/2018/05/010-2-1.jpg									0
4861	simple	MITBHRABA01062018	BHRAMAN KAHINI SAMAGRA	1	0	visible					taxable		1		0	0					1			400	"Anthology, Non Fiction, Travelogue"			http://pilsuj.com/wp-content/uploads/2018/05/10-1.jpg									0
4863	simple	MITGARSAM01062018	GARVADHARINI	1	0	visible					taxable		1		0	0					1			400	Fiction			http://pilsuj.com/wp-content/uploads/2018/05/011-2-1.jpg									0
4867	simple	MITNATVOL2BAD01062018	NATAK SAMAGRA VOL.2	1	0	visible					taxable		1		0	0					1			500	"Anthology, Drama"			http://pilsuj.com/wp-content/uploads/2018/05/11-1.jpg									0
4869	simple	MITNATVOL3BAD01062018	NATAK SAMAGRA VOL.3	1	0	visible					taxable		1		0	0					1			400	"Anthology, Drama"			http://pilsuj.com/wp-content/uploads/2018/05/11-1.jpg									0
4870	simple	MITGOLVOL1BIB01062018	GOLPO SAMOGRA VOL.1	1	0	visible					taxable		1		0	0					1			600	"Anthology, Fiction"			http://pilsuj.com/wp-content/uploads/2018/05/12-1.jpg									0
4872	simple	MITGOLVOL2BIB01062018	GOLPO SAMOGRA VOL.2	1	0	visible					taxable		1		0	0					1			500	"Anthology, Fiction"			http://pilsuj.com/wp-content/uploads/2018/05/12-1.jpg									0
4873	simple	MITAROTAR01062018	ARO CHOTI OPONYAS	1	0	visible					taxable		1		0	0					1			500	"Anthology, Fiction"			http://pilsuj.com/wp-content/uploads/2018/05/013-2-1.jpg									0
4876	simple	MITGOLVOL1SAN01062018	GOLPO SAMAGRA VOL. 1	1	0	visible					taxable		1		0	0					1			300	"Anthology, Fiction"			http://pilsuj.com/wp-content/uploads/2018/05/13-1.jpg									0
4878	simple	MITGOLVOL2SAN01062018	GOLPO SAMOGRO VOL.2	1	0	visible					taxable		1		0	0					1			150	"Anthology, Fiction"			http://pilsuj.com/wp-content/uploads/2018/05/13-1.jpg									0
4879	simple	MITLAAPRO01062018	LAAL KELLA	1	0	visible					taxable		1		0	0					1			500	History			http://pilsuj.com/wp-content/uploads/2018/05/014-2-1.jpg									0
4881	simple	MITAMASUB01062018	AMAR CHOBI JIBON	1	0	visible					taxable		1		0	0					1			450	"Art, Autobiography, Non Fiction"			http://pilsuj.com/wp-content/uploads/2018/05/014-1.jpg									0
4883	simple	MITPARACH01062018	PARAMPURUSH SHRI SHRI RAMKRISHNA	1	0	visible					taxable		1		0	0					1			600	"Biographies &amp; True Accounts, Non Fiction, Religion, Spirituality &amp; New Age"			http://pilsuj.com/wp-content/uploads/2018/05/015-2-1.jpg									0
4885	simple	MITSHRTAR01062018	SHRI KRRISHNAKIRTAN	1	0	visible					taxable		1		0	0					1			100	"Mythology, Non Fiction, Religion"			http://pilsuj.com/wp-content/uploads/2018/05/15-1.jpg									0
4887	simple	MITNABNAB01062018	NABA NEETA	1	0	visible					taxable		1		0	0					1			500	"Autobiography, Non Fiction"			http://pilsuj.com/wp-content/uploads/2018/05/016-2-1.jpg									0
4889	simple	MITNOTNIH01062018	NOTI UPONYAS	1	0	visible					taxable		1		0	0					1			550	"Anthology, Fiction"			http://pilsuj.com/wp-content/uploads/2018/05/017-2-1.jpg									0
4893	simple	ANAAMIAMI01062018	AMIT KOTHA	1	0	visible					taxable		1		0	0					1			250	"Autobiography, Non Fiction"			http://pilsuj.com/wp-content/uploads/2018/05/amit-katha-cover-final-output-1.jpg									0
4898	simple	ANABHASUB01062018	BHASA O SAHITYER TIN PRASANGA	1	0	visible					taxable		1		0	0					1			250	"Literature, Non Fiction"			http://pilsuj.com/wp-content/uploads/2018/05/bhasa-o-sahitter-cover-final-output-1.jpg									0
4900	simple	ANAKOLDIP01062018	KOLKATAR KUTIR SHILPO	1	0	visible					taxable		1		0	0					1			250	"Art, Business, Non Fiction"			http://pilsuj.com/wp-content/uploads/2018/05/Kutirshilpa-cover-final-output-1.jpg									0
4902	simple	ANAPRAJOY01062018	PRANOHORA	1	0	visible					taxable		1		0	0					1		1	2	"Anthology, Poetry"			http://pilsuj.com/wp-content/uploads/2018/05/pranohara-sandesh-cover-final-output-1.jpg									0
4904	simple	ANARABKHU01062018	RABINDRA KALPANAY BIGYANER ADHIKAR	1	0	visible					taxable		1		0	0					1			40	"Literature, Non Fiction, Philosophical, Science"			http://pilsuj.com/wp-content/uploads/2018/05/Rabindra-kalpanai-cover-final-output-1.jpg									0
4906	simple	ANABAISUB01062018	BAISAKHI O BOB DYLAN	1	0	visible					taxable		1		0	0					1			200	Fiction			http://pilsuj.com/wp-content/uploads/2018/05/Subodh-Baisakhi-o-Bob-cover-final-output-1.jpg									0
4908	simple	ANA50TIMD01062018	50 TI GOLPO	1	0	visible					taxable		1		0	0					1			500	"Anthology, Fiction"			http://pilsuj.com/wp-content/uploads/2018/05/50ti-Imdadl-Haq-cover-final-output-1.jpg									0
4910	simple	ANAACHKRI01062018	ACHENA SHROT	1	0	visible					taxable		1		0	0					1			200	Fiction			http://pilsuj.com/wp-content/uploads/2018/05/achena-shrot-cover-final-output-1.jpg									0
4912	simple	ANAUPOJOT01062018	UPONYAS SAMOGRO	1	0	visible					taxable		1		0	0					1			750	Anthology			http://pilsuj.com/wp-content/uploads/2018/05/Jyotirindra-upanyash-2-cover-final-output-1.jpg									0
4914	simple	ANAAMISHY01062018	AMITAVA B M E	1	0	visible					taxable		1		0	0					1			150	Fiction			http://pilsuj.com/wp-content/uploads/2018/05/Amitava-BME_Cover_Novela_OUTPUT-1.jpg									0
4941	simple	ANAANAABH01062018	ANACHHA ATIT	1	0	visible					taxable		1		0	0					1			200	Fiction			http://pilsuj.com/wp-content/uploads/2018/05/anachcha-atit-cover-final-output-1.jpg									0
4943	simple	ANAARANIB01062018	ARANYER DIBARATRI	1	0	visible					taxable		1		0	0					1			350	"Nature, Non Fiction, Travelogue"			http://pilsuj.com/wp-content/uploads/2018/05/Aranner-dibaratri-cover-final-output.jpg									0
4945	simple	ANAARJCIGSAM01062018	ARJUN EBONG CHINESE CIGARETTE	1	0	visible					taxable		1		0	0					1			150	"Crime, Detective, Fiction"			http://pilsuj.com/wp-content/uploads/2018/05/arjun-chinese-cigarattee-cover-final-output-1.jpg									0
4947	simple	ANAARJSAM01062018	ARJUN SAMAGRA (6)	1	0	visible					taxable		1		0	0					1			350	"Anthology, Crime, Detective, Fiction, Mystery / Thriller"			http://pilsuj.com/wp-content/uploads/2018/05/arjun6-cover-final-output-1.jpg									0
4949	simple	ANABANSHI01062018	BANGLAR BRATA PARBAN	1	0	visible					taxable		1		0	0					1			400	"Non Fiction, Religion, Socio Cultural"			http://pilsuj.com/wp-content/uploads/2018/05/banglar-brataparban-cover-final-output-1.jpg									0
4951	simple	ANABYASHY01062018	BYATHA THEKE MUKTI	1	0	visible					taxable		1		0	0					1			200	"Health, Non Fiction"			http://pilsuj.com/wp-content/uploads/2018/05/betha-theke-mukti-cover-final-output-1.jpg									0
4953	simple	ANABHACEA01062018	BHALOBASAR  ALO	1	0	visible					taxable		1		0	0					1			200	"Fiction, Romance"			http://pilsuj.com/wp-content/uploads/2018/05/Bhalobasar-alo-cover-final-output-1.jpg									0
4955	simple	ANABHADEB01062018	BHAGABANER APON BESH	1	0	visible					taxable		1		0	0					1			150	"Fiction, Series"			http://pilsuj.com/wp-content/uploads/2018/05/Bhogobaner-Apon-Besh_Cover_LB_SP_OUTPUT-1.jpg									0
4957	simple	ANABIKABH01062018	BIKALPA BIPLAB	1	0	visible					taxable		1		0	0					1				"Empiric, Literature, Non Fiction"			http://pilsuj.com/wp-content/uploads/2018/05/bikalpa-biplab-cover-final-output.jpg									0
4959	simple	ANABISKRI01062018	BISMRITI	1	0	visible					taxable		1		0	0					1			200	Fiction			http://pilsuj.com/wp-content/uploads/2018/05/Bisriti-cover-final-output-1.jpg									0
4961	simple	ANABISRUP01062018	BISWARUPAM	1	0	visible					taxable		1		0	0					1			250	"Autobiography, Non Fiction"			http://pilsuj.com/wp-content/uploads/2018/05/biswarupam-cover-final-output-1-2.jpg									0
4963	simple	ANABOTSUK01062018	BOTTOLA	1	0	visible					taxable		1		0	0					1			200	Fiction			http://pilsuj.com/wp-content/uploads/2018/05/bottala-cover-final-output-1.jpg									0
4965	simple	ANABRISUP01062018	BRISCHIK KAL	1	0	visible					taxable		1		0	0					1			150	"Fiction, Mystery / Thriller"			http://pilsuj.com/wp-content/uploads/2018/05/Brischik-Kal_Cover_Novela_OUTPUT-1.jpg									0
4967	simple	ANABUDTIL01062018	BUDDHU SIR ER BUDDHI	1	0	visible					taxable		1		0	0					1			150	Fiction			http://pilsuj.com/wp-content/uploads/2018/05/Buddhu-Sir-Er-Buddhi_Cover_LB_SP-1.jpg									0
4969	simple	ANACHINIP01062018	CHIKTASA BIGYAN KOSH	1	0	visible					taxable		1		0	0					1			1000	"Health, Non Fiction"			http://pilsuj.com/wp-content/uploads/2018/05/chikitsabiggankosh-cover-final-output.jpg									0
4971	simple	ANACHOPAR01062018	CHOTODER BIGYAN ASCHORJO EXPERIMENT	1	0	visible					taxable		1		0	0					1			250	"Children, Non Fiction, Science"			http://pilsuj.com/wp-content/uploads/2018/05/chotoder-biggyan-cover-final-output-1.jpg									0
4975	simple	ANADADSUP01062018	DADHI BYANJAN	1	0	visible					taxable		1		0	0					1			150	"Cookbooks, Non Fiction"			http://pilsuj.com/wp-content/uploads/2018/05/dadhi-benjan-cover-final-output-1.jpg									0
4977	simple	ANADASBIP01062018	DASTI KISHORE UPONYAS	1	0	visible					taxable		1		0	0					1			300	"Anthology, Fiction"			http://pilsuj.com/wp-content/uploads/2018/05/Dasti-bipul-cover-final-output-1.jpg									0
4979	simple	ANACINSAT01062018	CINEMAY DOUBLE FELUDA	1	0	visible					taxable		1		0	0					1			250	"Crime, Detective, Fiction, Mystery / Thriller"			http://pilsuj.com/wp-content/uploads/2018/05/double-feluda-cover-final-output-1.jpg									0
4981	simple	ANADOYSMA01062018	DOYEL SANKO	1	0	visible					taxable		1		0	0					1			200	Fiction			http://pilsuj.com/wp-content/uploads/2018/05/doyel-sako-cover-final-output-1.jpg									0
4983	simple	ANAEKDSAY01062018	EKDINER ISWAR	1	0	visible					taxable		1		0	0					1			200	"Fiction, Science Fiction &amp; Fantasy"			http://pilsuj.com/wp-content/uploads/2018/05/ekdiner-ishwar-cover-final-output-1.jpg									0
4985	simple	ANAEMIKRI01062018	EMILIYE O SUBHAS	1	0	visible					taxable		1		0	0					1			250	"Biographies &amp; True Accounts, Non Fiction"			http://pilsuj.com/wp-content/uploads/2018/05/Emiliie-o-subhash-cover-final-output-1.jpg									0
4987	simple	ANAFIRAMA01062018	FIRSTBOY DER DESH	1	0	visible					taxable		1		0	0					1			400	Non Fiction			http://pilsuj.com/wp-content/uploads/2018/05/first-boy-cover-final-output-1.jpg									0
4989	simple	ANAGANCHA01062018	GANGA DARSHAN	1	0	visible					taxable		1		0	0					1			400	"Nature, Non Fiction, Travelogue"			http://pilsuj.com/wp-content/uploads/2018/05/ganga-darshan-cover-final-output.jpg									0
4991	simple	ANAGARMIC01062018	GARI NIYE PARI SONGE EINSTEIN	1	0	visible					taxable		1		0	0					1			300	"Non Fiction, Travelogue"			http://pilsuj.com/wp-content/uploads/2018/05/Gari-niye-pari-aainstine-cover-final-output.jpg									0
4993	simple	ANAGOGVOL1SAM01062018	GOGOL SOMOGRO (1)	1	0	visible					taxable		1		0	0					1			400	"Detective, Fiction, Mystery / Thriller"			http://pilsuj.com/wp-content/uploads/2018/05/gogol-samagra-cover-final-output-1.jpg									0
4995	simple	ANAGOGVOL2SAM01062018	GOGOL SAMAGRA(2)	1	0	visible					taxable		1		0	0					1			400	"Detective, Fiction, Mystery / Thriller"			http://pilsuj.com/wp-content/uploads/2018/05/gogol-samagra2-cover-final-output-1.jpg									0
4997	simple	PATBHUANI01062018	BHUTNATHER DIARY	1	0	visible					taxable		1		0	0					1			250	"Fiction, Horror"			http://pilsuj.com/wp-content/uploads/2018/05/bhutnather-diary_small.jpg									0
5000	simple	PATBHABHA01062018	BHANU SAMAGRA	1	0	visible					taxable		1		0	0					1			400	"Anthology, Fiction"			http://pilsuj.com/wp-content/uploads/2018/05/bhanu-samagra.jpg									0
5002	simple	PATRAKHIM01062018	RAKKHUSE NEKRE	1	0	visible					taxable		1		0	0					1			200	Fiction			http://pilsuj.com/wp-content/uploads/2018/05/rakhuse-nekre.jpg									0
5004	simple	PATJOKRAJ01062018	JOKES HAJARI	1	0	visible					taxable		1		0	0					1			275	"Amusing, Anthology"			http://pilsuj.com/wp-content/uploads/2018/05/jokes-hajari.jpg									0
5006	simple	PATURARAN01062018	URANCHANDI DHUMKETU: MICHEL MADHUSUDAN	1	0	visible					taxable		1		0	0					1			150	"Biographies &amp; True Accounts, Non Fiction"			http://pilsuj.com/wp-content/uploads/2018/05/uronchondi-dhumkatu_michacle-madhusudan_small.jpg									0
5008	simple	PATBURSAN01062018	BURO GHUMOLO PARA JUROLO	1	0	visible					taxable		1		0	0					1			200	"Amusing, Fiction"			http://pilsuj.com/wp-content/uploads/2018/05/buro-ghumolo-para-jurolo.jpg									0
5010	simple	PATPUZSOM01062018	PUZZLE COMICS	1	0	visible					taxable		1		0	0					1			69	"Comics &amp; Graphic Novels, Non Fiction"			http://pilsuj.com/wp-content/uploads/2018/05/pazzle-comics_small.jpg									0
5013	simple	ANAKHESHI01062018	KHELNAPATI	1	0	visible					taxable		1		0	0					1			200	Fiction			http://pilsuj.com/wp-content/uploads/2018/05/khelnapati-cover-final-output.jpg									0
5015	simple	ANAEKDPRA01062018	EK DAKTARER KUMERU SMRITI	1	0	visible					taxable		1		0	0					1			300	"Nature, Non Fiction, Travelogue"			http://pilsuj.com/wp-content/uploads/2018/05/kumeru-sriti-cover-final-output.jpg									0
5017	simple	ANAMEYSUT01062018	MEYEDER SMRITIKOTHA	1	0	visible					taxable		1		0	0					1			200	"Non Fiction, Philosophical"			http://pilsuj.com/wp-content/uploads/2018/05/meyeder-sritikatha.jpg									0
5020	simple	ANANABGOU01062018	NA BOLA SHARIRI KOTHA	1	0	visible					taxable		1		0	0					1			150	"Health, Non Fiction"			http://pilsuj.com/wp-content/uploads/2018/05/na-bola-soriri-katha-cover-final-output.jpg									0
5022	simple	ANAPAKSUB01062018	PAKHIWALAR DIARY	1	0	visible					taxable		1		0	0					1			300	"Diaries, Nature, Non Fiction, Travelogue"			http://pilsuj.com/wp-content/uploads/2018/05/pakhiwala-diary-cover-final-output.jpg									0
5024	simple	ANARABRIM01062018	RABINDRANATH O KADAMBARI	1	0	visible					taxable		1		0	0					1			200	Non Fiction			http://pilsuj.com/wp-content/uploads/2018/05/Rabindranth-o-kadambari-cover-final-output.jpg									0
5026	simple	ANASONMUK01062018	SONNYASI O RAJA	1	0	visible					taxable		1		0	0					1			350	"Biographies &amp; True Accounts, Non Fiction"			http://pilsuj.com/wp-content/uploads/2018/05/sannyasi-o-raja-cover-final-output.jpg									0
5028	simple	ANASAMSUS01062018	SAMUDRA BANIJYER PREKKHITE STHALA BANIJYA	1	0	visible					taxable		1		0	0					1			250	"Business, History, Non Fiction"			http://pilsuj.com/wp-content/uploads/2018/05/samudra-banijja-cover-final-output.jpg									0
5030	simple	ANASIMNIK01062018	SIMAHIN MOHABISWE	1	0	visible					taxable		1		0	0					1			150	"Nature, Non Fiction, Science"			http://pilsuj.com/wp-content/uploads/2018/05/simahin-mahabisse-cover-final-output.jpg									0
5032	simple	PATABOSUK01062018	ABOL TABOL	1	0	visible					taxable		1		0	0					1			50	"Amusing, Children, Fiction, Poetry"			http://pilsuj.com/wp-content/uploads/2018/05/abaltal.jpg									0
5034	simple	PATBANTAM01062018	BANDHAN: EKTI BANK ER JONMO KOTHA	1	0	visible					taxable		1		0	0					1			450	Non Fiction			http://pilsuj.com/wp-content/uploads/2018/05/bandhan-ek-banker-jonmokatha.jpg									0
5036	simple	PATFILSAM01062018	FILMSTAR NABAKUMAR	1	0	visible					taxable		1		0	0					1			200	Fiction			http://pilsuj.com/wp-content/uploads/2018/05/filmstar-nabokumar.jpg									0
5038	simple	PATPROSAI01062018	PROBASI GOLPO SOMBHAR	1	0	visible					taxable		1		0	0					1			400	Anthology			http://pilsuj.com/wp-content/uploads/2018/05/prabasi-galposambhar.jpg									0
5040	simple	PATMASPUR01062018	MASIK BASUMOTI GOLPOSOMBHAR	1	0	visible					taxable		1		0	0					1			450	"Anthology, Fiction"			http://pilsuj.com/wp-content/uploads/2018/05/basumoti-galposambhar.jpg									0
5042	simple	PATNARRAN01062018	NARIR PRATHAM PUJARI SRI RAMKRISHNA	1	0	visible					taxable		1		0	0					1			200	"Non Fiction, Religion, Spirituality &amp; New Age"			http://pilsuj.com/wp-content/uploads/2018/05/narir-prothom-pujari-sriramkrishna.jpg									0
5044	simple	PATJUGKAM01062018	JUGANTAR GOLPOSOMBHAR	1	0	visible					taxable		1		0	0					1			200	"Anthology, Fiction"			http://pilsuj.com/wp-content/uploads/2018/05/jugantor-golposambhar.jpg									0
5046	simple	PATBHAPAR01062018	BHARATI GOLPOSOMBHAR	1	0	visible					taxable		1		0	0					1			300	"Anthology, Fiction"			http://pilsuj.com/wp-content/uploads/2018/05/bharati-galposambhar.jpg									0
5048	simple	PATGALKRI01062018	GOLPO GUJOB	1	0	visible					taxable		1		0	0					1			400	"Anthology, Fiction, Mystery / Thriller"			http://pilsuj.com/wp-content/uploads/2018/05/galpogujab.jpg									0
5050	simple	PATJOGTRI01062018	JOGUMAMA RAHASYA SAMAGRA 4	1	0	visible					taxable		1		0	0					1			250	"Anthology, Fiction, Mystery / Thriller"			http://pilsuj.com/wp-content/uploads/2018/05/jagumama-4.jpg									0
5052	simple	PATPANSHA01062018	PANCHTI CINEMAR UPONYAS	1	0	visible					taxable		1		0	0					1			350	"Anthology, Fiction"			http://pilsuj.com/wp-content/uploads/2018/05/panchti-cinemar-uponyas_sarat.jpg									0
5054	simple	PATAGUANI01062018	AGUN RONGER BULET	1	0	visible					taxable		1		0	0					1			200	"Crime, Fiction"			http://pilsuj.com/wp-content/uploads/2018/05/agun-ronyer-bulet.jpg									0
5056	simple	PATBIYDEB01062018	BIYOGPORBO	1	0	visible					taxable		1		0	0					1			220	Fiction			http://pilsuj.com/wp-content/uploads/2018/05/biyogparbo.jpg									0
5058	simple	PATSABDEB01062018	SOBUJ MANUSH	1	0	visible					taxable		1		0	0					1			300	"Fiction, Miraculous"			http://pilsuj.com/wp-content/uploads/2018/05/sobuj-manush.jpg									0
5061	simple	PATBASDEB01062018	BASHIOLA	1	0	visible					taxable		1		0	0					1			79	"Children, Fiction, Science Fiction &amp; Fantasy"			http://pilsuj.com/wp-content/uploads/2018/05/banshiola.jpg									0
5063	simple	PATBHUTRI01062018	BHULUR SOKAL	1	0	visible					taxable		1		0	0					1			99	"Children, Fiction, Science Fiction &amp; Fantasy"			http://pilsuj.com/wp-content/uploads/2018/05/bhulur-sokal.jpg									0
5065	simple	PATKISVOL1SUC01062018	KISHORE SAMAGRA VOL 1	1	0	visible					taxable		1		0	0					1			300	"Anthology, Fiction"			http://pilsuj.com/wp-content/uploads/2018/05/kishore-samogro-1.jpg									0
5067	simple	PATKISVOL2SUC01062018	KISHORE SAMAGRA VOL 2	1	0	visible					taxable		1		0	0					1			250	"Anthology, Fiction"			http://pilsuj.com/wp-content/uploads/2018/05/kishore-samogro-2.jpg									0
5069	simple	PATJIBHIM01062018	JIBONTO UPOBIT	1	0	visible					taxable		1		0	0					1			225	"Fiction, Horror, Miraculous, Mystery / Thriller"			http://pilsuj.com/wp-content/uploads/2018/05/jibonto-upobit.jpg									0
5071	simple	PATRUKSAN01062018	RUKU SUKU SAMAGRA	1	0	visible					taxable		1		0	0					1			450	"Anthology, Children, Fiction"			http://pilsuj.com/wp-content/uploads/2018/05/rukusuku-samogro.jpg									0
5073	simple	PATDOSPRA01062018	DOSHI DHORA PORBEI	1	0	visible					taxable		1		0	0					1			200	"Amusing, Fiction"			http://pilsuj.com/wp-content/uploads/2018/05/doshi-dhora-porbei.jpg									0
5075	simple	PATISWSAI01062018	ISWORER NOSTO BHRUN	1	0	visible					taxable		1		0	0					1			180	"Anthology, Fiction"			http://pilsuj.com/wp-content/uploads/2018/05/iswarer-nashta-bhrun.jpg									0
5077	simple	PATBARTRI01062018	BARODER BAARO	1	0	visible					taxable		1		0	0					1			175	"Anthology, Fiction, Romance"			http://pilsuj.com/wp-content/uploads/2018/05/baroder-baro.jpg									0
5079	simple	PATSHRFACSHR01062018	SHRIJATOR FACEBOOK	1	0	visible					taxable		1		0	0					1			200	Non Fiction			http://pilsuj.com/wp-content/uploads/2018/05/cover-srijato.jpg									0
5081	simple	PATSHRSHR01062018	SHRIJATOR LIMERICK	1	0	visible					taxable		1		0	0					1			100	"Anthology, Poetry"			http://pilsuj.com/wp-content/uploads/2018/05/limerick_srejato.jpg									0
5083	simple	PATROHABH01062018	ROHOSYER DOSH ANGUL	1	0	visible					taxable		1		0	0					1			150	"Crime, Fiction, Mystery / Thriller"			http://pilsuj.com/wp-content/uploads/2018/05/rahasyer-dosh-angul.jpg									0
5085	simple	PATPETJAY01062018	PETNI AMAR BOU	1	0	visible					taxable		1		0	0					1			150	"Fiction, Horror"			http://pilsuj.com/wp-content/uploads/2018/05/petni-aamar-bou.jpg									0
5087	simple	PATSUNCHU01062018	SUNDAR AR BHALO	1	0	visible					taxable		1		0	0					1			200	"Anthology, Children, Fiction, Short Stories"			http://pilsuj.com/wp-content/uploads/2018/05/sundor-ar-bhalo.jpg									0
5089	simple	PATTHADAK01062018	THAKURMAR JHULI	1	0	visible					taxable		1		0	0					1			250	"Anthology, Children, Fiction, Science Fiction &amp; Fantasy"			http://pilsuj.com/wp-content/uploads/2018/05/thakumar-jhuli.jpg									0
5091	simple	PATAJOEDW01062018	AJOB CHORA MOJAY HORA	1	0	visible					taxable		1		0	0					1			100	"Anthology, Children, Fiction, Limerick"			http://pilsuj.com/wp-content/uploads/2018/05/ajob-chhora-majay-hhara.jpg									0
5093	simple	PATCHASWA01062018	CHAR DAKTAR	1	0	visible					taxable		1		0	0					1			200	Fiction			http://pilsuj.com/wp-content/uploads/2018/05/char-doctor.jpg									0
5096	simple	PATSERANI01062018	SERA 101 BHOUTIK ALOUKIK	1	0	visible					taxable		1		0	0					1			600	"Anthology, Fiction, Horror, Miraculous"			http://pilsuj.com/wp-content/uploads/2018/05/oloukik.jpg									0
5100	simple	PATPANADR01062018	PANCHTI RAHASYA UPONYAS	1	0	visible					taxable		1		0	0					1			200	"Anthology, Fiction, Mystery / Thriller"			http://pilsuj.com/wp-content/uploads/2018/05/5adris.jpg									0
5102	simple	PATPANPRA01062018	PANCHTI PREMER UPONYAS	1	0	visible					taxable		1		0	0					1			300	"Anthology, Fiction, Romance"			http://pilsuj.com/wp-content/uploads/2018/05/5pu-prafulla.jpg									0
5104	simple	PATPANSAI01062018	PANCHTI PREMER UPONYAS	1	0	visible					taxable		1		0	0					1			200	"Anthology, Fiction, Romance"			http://pilsuj.com/wp-content/uploads/2018/05/5pu-syed.jpg									0
5106	simple	PATPANANI01062018	PANCHTI RAHASYA UPONYAS	1	0	visible					taxable		1		0	0					1			225	"Anthology, Fiction, Mystery / Thriller"			http://pilsuj.com/wp-content/uploads/2018/05/5ruad.jpg									0
5110	simple	KARALONIL01062018	ALOR PAKHI	1	0	visible					taxable		1		0	0					1			100	Fiction			http://pilsuj.com/wp-content/uploads/2018/05/IMG_6253.jpg									0
5114	simple	KARKALNIL01062018	KALO GOLAPER ROHOSYO	1	0	visible					taxable		1		0	0					1			100	"Crime, Fiction, Mystery / Thriller"			http://pilsuj.com/wp-content/uploads/2018/05/IMG_6257.jpg									0
5117	simple	KARBISNIL01062018	BISHER CHOBOL	1	0	visible					taxable		1		0	0					1			80	"Crime, Fiction, Mystery / Thriller"			http://pilsuj.com/wp-content/uploads/2018/05/IMG_6246.jpg									0
5119	simple	KARSHINIL01062018	SHIYORE MRITYUR CHAYA	1	0	visible					taxable		1		0	0					1			100	"Fiction, Mystery / Thriller"			http://pilsuj.com/wp-content/uploads/2018/05/IMG_6248.jpg									0
5121	simple	KARNORNIL31052018	NOROKER RONG LAAL	1	0	visible					taxable		1		0	0					1			150	"Crime, Fiction, Mystery / Thriller"			http://pilsuj.com/wp-content/uploads/2018/05/IMG_6250.jpg									0
5123	simple	KARBOKNAR31052018	BOKULTALA P.L CAMP	1	0	visible					taxable		1		0	0					1			100	Fiction			http://pilsuj.com/wp-content/uploads/2018/05/IMG_6244.jpg									0
5125	simple	KARAGNNAR31052018	AGNI KANYA MAMATA	1	0	visible					taxable		1		0	0					1			60	"Biographies &amp; True Accounts, Non Fiction"			http://pilsuj.com/wp-content/uploads/2018/05/IMG_6242.jpg									0
5127	simple	KARMOHNAR31052018	MOHAKALER MONDIR	1	0	visible					taxable		1		0	0					1			100	Fiction			http://pilsuj.com/wp-content/uploads/2018/05/IMG_6240.jpg									0
5129	simple	KARSATNAR31052018	SATYAKAAM	1	0	visible					taxable		1		0	0					1			150	Fiction			http://pilsuj.com/wp-content/uploads/2018/05/IMG_6236.jpg									0
5131	simple	KARAMINAR31052018	AMI RASHBIHARIKE DEKHECHI	1	0	visible					taxable		1		0	0					1			150	"Biographies &amp; True Accounts, History, Non Fiction"			http://pilsuj.com/wp-content/uploads/2018/05/IMG_6234.jpg									0
5134	simple	KARBANNAR31052018	BANGALIANA	1	0	visible					taxable		1		0	0					1			100	"Literature, Non Fiction, Socio Cultural"			http://pilsuj.com/wp-content/uploads/2018/05/IMG_6230.jpg									0
5137	simple	KARAATGOU31052018	AAT RAHASYA	1	0	visible					taxable		1		0	0					1			300	"Anthology, Crime, Fiction, Mystery / Thriller"			http://pilsuj.com/wp-content/uploads/2018/05/IMG_6780.jpg									0
5139	simple	KARGOLBAR31052018	GOLPO SOMOGRO	1	0	visible					taxable		1		0	0					1			450	"Anthology, Fiction"			http://pilsuj.com/wp-content/uploads/2018/05/IMG_6777.jpg									0
5141	simple	KARNEPSUK31052018	NEPOLEON BONAPART	1	0	visible					taxable		1		0	0					1			150	"Biographies &amp; True Accounts, History, Non Fiction"			http://pilsuj.com/wp-content/uploads/2018/05/IMG_6228.jpg									0
5143	simple	KARASWAMA31052018	ASWACHARIT	1	0	visible					taxable		1		0	0					1			160	Fiction			http://pilsuj.com/wp-content/uploads/2018/05/IMG_6225.jpg									0
5145	simple	KARPURAMA31052018	PURBAGAMINI	1	0	visible					taxable		1		0	0					1			200	Fiction			http://pilsuj.com/wp-content/uploads/2018/05/IMG_6507.jpg									0
5147	simple	KARDHRAMA31052018	DHRUBAPUTRA	1	0	visible					taxable		1		0	0					1			350	Fiction			http://pilsuj.com/wp-content/uploads/2018/05/IMG_6504.jpg									0
5149	simple	KARPANSAD31052018	PANIHATA	1	0	visible					taxable		1		0	0					1			200	Fiction			http://pilsuj.com/wp-content/uploads/2018/05/IMG_6762.jpg									0
5151	simple	KARPONNAL31052018	PONCHASTI GOLPO	1	0	visible					taxable		1		0	0					1			350	"Anthology, Fiction, Short Stories"			http://pilsuj.com/wp-content/uploads/2018/05/IMG_6495.jpg									0
5154	simple	KARSABNAL31052018	SABAR CHARIT	1	0	visible					taxable		1		0	0					1			500	Fiction			http://pilsuj.com/wp-content/uploads/2018/05/IMG_6804.jpg									0
5157	simple	KARKUBSHY31052018	KUBERER BISOY ASHOY	1	0	visible					taxable		1		0	0					1			225	"Fiction, Mystery / Thriller"			http://pilsuj.com/wp-content/uploads/2018/05/IMG_6801.jpg									0
5159	simple	KARDUTSHA31052018	DUTI UPONYAS	1	0	visible					taxable		1		0	0					1			150	"Anthology, Fiction"			http://pilsuj.com/wp-content/uploads/2018/05/IMG_6795.jpg									0
5161	simple	KARTINSHA31052018	TINTI UPONYAS	1	0	visible					taxable		1		0	0					1			200	"Anthology, Fiction"			http://pilsuj.com/wp-content/uploads/2018/05/IMG_6798.jpg									0
5163	simple	KARPONANI31052018	PONCHASTI GOLPO	1	0	visible					taxable		1		0	0					1			250	"Anthology, Fiction, Short Stories"			http://pilsuj.com/wp-content/uploads/2018/05/IMG_6387.jpg									0
5165	simple	KARDRIBIB31052018	DRISTI PRADIP	1	0	visible					taxable		1		0	0					1			70	Fiction			http://pilsuj.com/wp-content/uploads/2018/05/IMG_6550.jpg									0
5168	simple	KARPOTBIB31052018	POTHER PANCHALI	1	0	visible					taxable		1		0	0					1			100	Fiction			http://pilsuj.com/wp-content/uploads/2018/05/IMG_6547.jpg									0
5170	simple	KARICHBIB31052018	ICHYAMOTI	1	0	visible					taxable		1		0	0					1			100	Fiction			http://pilsuj.com/wp-content/uploads/2018/05/IMG_6540.jpg									0
5172	simple	KARICHASHA31052018	ASHANI SANKET	1	0	visible					taxable		1		0	0					1			60	Fiction			http://pilsuj.com/wp-content/uploads/2018/05/IMG_6543.jpg									0
5174	simple	KARPANMAH31052018	PANCHTI UPONYAS	1	0	visible					taxable		1		0	0					1			250	"Anthology, Fiction"			http://pilsuj.com/wp-content/uploads/2018/05/IMG_6553.jpg									0
5176	simple	KARSADSAN31052018	SADHU SANTER MOHASONGOME	1	0	visible					taxable		1		0	0					1			100	"Non Fiction, Spirituality &amp; New Age"			http://pilsuj.com/wp-content/uploads/2018/05/IMG_6269.jpg									0
5178	simple	KARBHAVOL1SAN31052018	BHAROTER SADHOK 1	1	0	visible					taxable		1		0	0					1			200	"Non Fiction, Spirituality &amp; New Age"			http://pilsuj.com/wp-content/uploads/2018/05/IMG_6267.jpg									0
5180	simple	KARBHAVOL2SAN31052018	BHAROTER SADHOK 2	1	0	visible					taxable		1		0	0					1			200	"Non Fiction, Spirituality &amp; New Age"			http://pilsuj.com/wp-content/uploads/2018/05/IMG_6267.jpg									0
5182	simple	KARBHAVOL3SAN31052018	BHAROTER SADHOK 3	1	0	visible					taxable		1		0	0					1			200	"Non Fiction, Spirituality &amp; New Age"			http://pilsuj.com/wp-content/uploads/2018/05/IMG_6267.jpg									0
5183	simple	KARBHAVOL4SAN31052018	BHAROTER SADHOK 4	1	0	visible					taxable		1		0	0					1			200	"Non Fiction, Spirituality &amp; New Age"			http://pilsuj.com/wp-content/uploads/2018/05/IMG_6267.jpg									0
5184	simple	KARBHAVOL5SAN31052018	BHAROTER SADHOK 5	1	0	visible					taxable		1		0	0					1			400	"Non Fiction, Spirituality &amp; New Age"			http://pilsuj.com/wp-content/uploads/2018/05/IMG_6267.jpg									0
5185	simple	KARBHASAN31052018	BHAROTER SADHIKA	1	0	visible					taxable		1		0	0					1			200	"Non Fiction, Spirituality &amp; New Age"			http://pilsuj.com/wp-content/uploads/2018/05/IMG_6255.jpg									0
5187	simple	KARDASMAH31052018	DASTI UPONYAS	1	0	visible					taxable		1		0	0					1			450	"Anthology, Fiction"			http://pilsuj.com/wp-content/uploads/2018/05/IMG_6592.jpg									0
5189	simple	KARMICKAK31052018	MICROWAVE OVEN E RANNA	1	0	visible					taxable		1		0	0					1			100	"Cookbooks, Non Fiction"			http://pilsuj.com/wp-content/uploads/2018/05/IMG_6265.jpg									0
5191	simple	KARDEBBAS31052018	DEBABRATA BISWASER CHITHIPOTRO	1	0	visible					taxable		1		0	0					1			150	Non Fiction			http://pilsuj.com/wp-content/uploads/2018/05/IMG_6259.jpg									0
5193	simple	KARNANPRA31052018	NANA SWADER CHOTI UPONYAS	1	0	visible					taxable		1		0	0					1			300	"Anthology, Fiction"			http://pilsuj.com/wp-content/uploads/2018/05/IMG_6273.jpg									0
5195	simple	KARUTTPRA31052018	UTTAL SAMAYER ITIKOTHA	1	0	visible					taxable		1		0	0					1			350	Fiction			http://pilsuj.com/wp-content/uploads/2018/05/IMG_6276.jpg									0
5197	simple	KARKEYPRA31052018	KEYAPATAR NOUKO	1	0	visible					taxable		1		0	0					1			550	Fiction			http://pilsuj.com/wp-content/uploads/2018/05/IMG_6282.jpg									0
5199	simple	KARPONBIB31052018	PONCHASTI GOLPO	1	0	visible					taxable		1		0	0					1			200	"Anthology, Fiction, Short Stories"			http://pilsuj.com/wp-content/uploads/2018/05/IMG_6792.jpg									0
5201	simple	KARBONBOJ31052018	BONGIYA NATYASHALAR ITIHAAS	1	0	visible					taxable		1		0	0					1			200	"Art, History, Non Fiction"			http://pilsuj.com/wp-content/uploads/2018/05/IMG_6789.jpg									0
5203	simple	KARBHAMOB31052018	BHAROTER SUFI	1	0	visible					taxable		1		0	0					1			350	"Non Fiction, Religion, Socio Cultural, Spirituality &amp; New Age"			http://pilsuj.com/wp-content/uploads/2018/05/IMG_6774.jpg									0
5205	simple	KARNABMOB31052018	NABI SAMRAT	1	0	visible					taxable		1		0	0					1			300	"Non Fiction, Religion"			http://pilsuj.com/wp-content/uploads/2018/05/IMG_6771.jpg									0
5210	simple	KARBANPAB31052018	BANGA SAHITYE RONGO BYANGO	1	0	visible					taxable		1		0	0					1			500	"Amusing, Non Fiction"			http://pilsuj.com/wp-content/uploads/2018/05/IMG_6768.jpg									0
5213	simple	KARDIBNIG31052018	DIBYOJOGOT O DOIBI BHASA	1	0	visible					taxable		1		0	0					1			180	"Non Fiction, Spirituality &amp; New Age"			http://pilsuj.com/wp-content/uploads/2018/05/IMG_6759.jpg									0
5215	simple	KARATINIG31052018	ATI MANOBER POTHEY	1	0	visible					taxable		1		0	0					1			75	"Non Fiction, Spirituality &amp; New Age"			http://pilsuj.com/wp-content/uploads/2018/05/IMG_6754.jpg									0
5217	simple	KARPRINIG31052018	PRITHIBIR ADHYATYO SADHONA O BHAROT	1	0	visible					taxable		1		0	0					1			230	"Non Fiction, Spirituality &amp; New Age"			http://pilsuj.com/wp-content/uploads/2018/05/IMG_6748.jpg									0
5219	simple	KARGALHAR31052018	GALPO SAMOGRO	1	0	visible					taxable		1		0	0					1			450	"Anthology, Fiction"			http://pilsuj.com/wp-content/uploads/2018/05/IMG_6598.jpg									0
5221	simple	KARGOLATE31052018	GOLPO SAMOGRO	1	0	visible					taxable		1		0	0					1			400	"Anthology, Fiction"			http://pilsuj.com/wp-content/uploads/2018/05/IMG_6601.jpg									0
5224	simple	KARUPOATE31052018	UPONYAS SAMOGRO	1	0	visible					taxable		1		0	0					1			400	"Anthology, Fiction"			http://pilsuj.com/wp-content/uploads/2018/05/IMG_6607.jpg									0
5226	simple	KARPANATE31052018	PANCHTI UPONYAS	1	0	visible					taxable		1		0	0					1			300	"Anthology, Fiction"			http://pilsuj.com/wp-content/uploads/2018/05/IMG_6616.jpg									0
5228	simple	PATTEIANI31052018	TEISH GHONTA SHAT MINUTE	1	0	visible					taxable		1		0	0					1			200	"Action &amp; Adventure, Fiction"			http://pilsuj.com/wp-content/uploads/2018/05/23g60m.jpg									0
5230	simple	PATSATABA31052018	SATRANG	1	0	visible					taxable		1		0	0					1			150	"Anthology, Children, Fiction"			http://pilsuj.com/wp-content/uploads/2018/05/satrang.jpg									0
5232	simple	PATMAJABH31052018	MAJHE MATRO CHOBBISH DIN	1	0	visible					taxable		1		0	0					1			120	"Fiction, Mystery / Thriller"			http://pilsuj.com/wp-content/uploads/2018/05/majhe-matro-chobbish-din.jpg									0
5234	simple	PATRAHABH31052018	RAHASYA JAKHAN DARWEIN	1	0	visible					taxable		1		0	0					1			120	"Action &amp; Adventure, Fiction, Mystery / Thriller"			http://pilsuj.com/wp-content/uploads/2018/05/rahasya-jakon-darwin.jpg									0
5236	simple	PATKISANI31052018	KISHORE KOLPO BIGYAN SAMOGRO	1	0	visible					taxable		1		0	0					1			200	"Anthology, Fiction, Science Fiction &amp; Fantasy"			http://pilsuj.com/wp-content/uploads/2018/05/kishore-kalpobigan-samagra-anish.jpg									0
5238	simple	PATBISANI31052018	BISWER SERA BHOYONKOR BHUTER GOLPO	1	0	visible					taxable		1		0	0					1			200	"Anthology, Fiction, Horror"			http://pilsuj.com/wp-content/uploads/2018/05/bsvvg.jpg									0
5240	simple	PATASAADR31052018	ASAJHYA SUSPENSE 1	1	0	visible					taxable		1		0	0					1			200	"Anthology, Fiction, Mystery / Thriller"			http://pilsuj.com/wp-content/uploads/2018/05/as1.jpg									0
5242	simple	PATBISADR30052018	BISH ROHOSYA	1	0	visible					taxable		1		0	0					1			200	"Anthology, Crime, Fiction, Mystery / Thriller"			http://pilsuj.com/wp-content/uploads/2018/05/bis-rahaswa.jpg									0
5244	simple	PATASAADR30052018	ASAJHYA SUSPENSE 3	1	0	visible			30-05-2018 00:00	30-06-2018 00:00	taxable		1		0	0					1		170	200	"Anthology, Fiction, Flash Deal, Mystery / Thriller"			http://pilsuj.com/wp-content/uploads/2018/05/as3.jpg									0
5246	simple	PATSERADR30052018	SERA KALPOBIGYAN OMNIBUS	1	0	visible					taxable		1		0	0					1			160	"Anthology, Fiction, Flash Deal, Science Fiction &amp; Fantasy"			http://pilsuj.com/wp-content/uploads/2018/05/skba.jpg									0
